Date,Time,Number,Message
5/27/2024,23:37:27,+91126903956,ha toh 5
3/18/2024,09:46:36,+91272357140,Very good
4/30/2024,22:29:26,+91627657394,Internal bhi count Kiya
3/6/2024,17:17:43,+91638363670,yes sab count karke bola tha
6/26/2024,01:08:51,+91114573769,but ye vinil rand ko samajta mahi
4/14/2024,14:11:58,+91892677094,chal bey chutiye
4/12/2024,04:18:12,+91337880120,Gaand fat gayi thi ye text dekh ke
3/16/2024,18:08:59,+91771322161,Iss liye toh daala tha
4/16/2024,15:48:24,+91687747674,Yz
5/3/2024,19:33:55,+91967259030,Az
3/17/2024,14:37:17,+91859203745,ğŸ¤¦ğŸ¤¦
3/21/2024,17:32:23,+91398983664,Chalo guyzz
5/13/2024,08:02:01,+91736522131,Bye byee
3/26/2024,13:31:58,+91599249266,Mera CHP yahi close hota hai
5/28/2024,10:20:16,+91785130601,Chapter*
4/11/2024,13:58:55,+91795919027,ğŸ˜‚ğŸ˜‚ğŸ˜‚ f
6/22/2024,05:21:15,+91607347935,Mat kro bhaiii
5/1/2024,01:19:31,+91407988561,Mazak nhi kr rha mai
6/9/2024,00:59:05,+91410078710,ğŸ˜‚ Mai kuch nahi kiya bhai
6/14/2024,18:04:48,+91168302983,Ab mat
5/23/2024,19:08:09,+91748048288,Mai toh eid Mubarak bolne aya tha
5/4/2024,14:34:58,+91570690804,@919152220090 mat krr
4/3/2024,04:37:24,+91821914587,Start tune kiya bkl
5/18/2024,15:05:32,+91922461303,ğŸ˜‚ Maine thodi mention kiya kisiko
3/16/2024,10:24:06,+91504867700,Dekh mai tag karne laga toh bhari pad jayega teko
4/28/2024,07:52:29,+91926843913,Mai toh eid Mubarak bolne aya tha ğŸ˜‚
4/21/2024,18:16:13,+91148911150,Jaare
5/22/2024,12:45:48,+91676427247,Yeh dar acha laga
6/30/2024,23:08:01,+91739255366,Aur ek baar dar acha laga
3/19/2024,21:54:58,+91774486082,Mountain dew chaiye?
5/22/2024,18:19:51,+91255054641,Sure
4/17/2024,08:58:38,+91121834651,ğŸ¤¨ğŸ¤¨
3/15/2024,23:15:20,+91791558660,Haa jaa jake khareed le mere liye bhi leke aana
3/20/2024,20:44:36,+91982140176,Nahh bhai paise khatam hogye
5/19/2024,04:38:46,+91763659902,Noicee
6/15/2024,11:22:17,+91727166217,ğŸ˜‚ yup
6/6/2024,00:01:03,+91956400450,kya horay?
4/10/2024,23:03:45,+91437942173,Teri Kami thi
4/9/2024,10:40:03,+91103413022,kisko add kiya abhi?
5/15/2024,23:23:28,+91810192009,Bhai eid Mubarak bol
3/9/2024,03:46:08,+91450236155,ğŸ˜‚ ethicates?
6/5/2024,09:41:59,+91458378791,ammar ke bestfriend ko add kiya?
6/23/2024,13:54:54,+91413245820,Fukkk offf
3/12/2024,18:20:43,+91997374880,Bestiiieeeee
6/11/2024,10:08:16,+91645434970,ohhh crazyy abh se ammar ke saath no bakchodi
4/12/2024,15:32:21,+91883053822,Bhai ammar abhi bakchodi kaam karega group pe
6/13/2024,11:16:46,+91212856899,Haina?
4/28/2024,18:51:51,+91431085562,Mat kro bc woh dekh legi
3/23/2024,23:24:03,+91417201204,Ye toh clear indicate karta hai
6/12/2024,13:32:52,+91889030478,who?
3/6/2024,20:52:21,+91744228851,chutiyağŸ¤£ğŸ¤£ğŸ¤£
6/26/2024,03:44:38,+91481661675,Bye bc
3/15/2024,05:21:28,+91199750267,leave kar raha?
4/26/2024,06:26:42,+91768552214,Bhai rage quit? ğŸ˜‚ğŸ˜‚ğŸ˜‚
3/5/2024,20:01:45,+91316151437,Abey dm mai gaali de raha hai ğŸ˜‚ğŸ˜‚
5/7/2024,13:29:55,+91870661605,add kar usse wapisğŸ˜‚
6/23/2024,16:17:46,+91376376031,Admin approval chaiye bc
4/14/2024,14:17:23,+91127322463,Time jaega
4/13/2024,11:42:57,+91238546113,kon hai admin?
5/24/2024,00:01:38,+91914104973,karne bol add
6/21/2024,21:39:00,+91434394122,Number save nai kiya uska add kar tu
4/8/2024,23:42:52,+91477028125,@919892565705 @918208244810
5/14/2024,00:59:40,+91716296583,usko link bhej
5/3/2024,00:38:18,+91750058692,Link nahi hai merepe
5/17/2024,15:44:19,+91500418140,EG ki internal supplimentary ki date pata hai kya kisiko ?
4/26/2024,06:44:51,+91115420355,5 ko hai
4/18/2024,03:20:35,+91883326315,Result kabh aane vala hai ??
6/15/2024,08:15:37,+91523618090,Koi idea??
3/15/2024,02:29:15,+91734023914,Gaali kyu khaana hai tujhe
6/27/2024,16:07:45,+91210020222,Aree bolna
4/14/2024,01:31:48,+91796822990,9 pointer ayega teko
5/6/2024,18:00:16,+91664149779,Pagal hai kya
3/25/2024,08:18:45,+91998578847,Ansh ko aayega
4/6/2024,23:44:02,+91727395509,acchaa
4/27/2024,01:23:20,+91378796081,5th Ko
6/20/2024,03:19:44,+91104603759,10 Se Exam Haina
3/1/2024,20:21:58,+91746861963,Graphics Ka
5/15/2024,05:10:29,+91878959095,10-1 Tk Exam Haina?
5/27/2024,01:14:18,+91987562837,Abe result kaha hai
3/26/2024,12:53:28,+91360769053,Kaunsa Result Bc
6/7/2024,08:07:24,+91656071848,Ese
3/19/2024,02:52:24,+91586368252,Are Vo Chod Graphics Ka Bata
3/8/2024,08:50:26,+91825294149,Guys Kal cp ka test Kitne baje hai?
6/5/2024,21:45:47,+91509538374,11:00 AM
5/3/2024,13:48:23,+91621918627,Alrightt
6/10/2024,17:50:45,+91904857571,Aree Woh spoken wala IG
5/18/2024,13:41:26,+91539411134,Voh baat baat pe postpone Hone wala?
5/21/2024,18:00:51,+91379563843,YesssğŸ¤£
3/27/2024,23:24:59,+91274717330,Kal bhi hoga ğŸ‘ğŸ»
4/1/2024,11:09:35,+91781218055,Spoken matlab bolna padega kya
6/9/2024,11:04:32,+91255408730,apan ko College se coursera ka access hai Kya College ID pe?
3/22/2024,09:45:39,+91595126936,Chalu nhi hua abhi tak Spoken Tut..ğŸ¤”ğŸ˜‚
5/30/2024,11:10:33,+91411748983,dashboard pe bolre hai ki past training hua hai 18 Jan ko on C && CPP
3/24/2024,07:28:56,+91264638025,Karna kya hai
6/23/2024,09:44:37,+91786593097,Link aaya hai ?
4/18/2024,06:36:31,+91194612687,Login and password hi nhi mila toh karega kya ?
4/4/2024,01:56:24,+91949627470,login ID somaiya And forgot Password karo
6/26/2024,05:20:54,+91433250663,Register hi nahi kiya
6/18/2024,13:10:07,+91202253816,already hai
3/5/2024,03:00:25,+91378669100,Register nahi Kiya hai bhai
4/13/2024,18:40:46,+91388008407,Pehle se clg karke rkhi hai
3/12/2024,23:44:24,+91846987267,To I'd pass kya hai
6/12/2024,05:17:46,+91399953328,Nahi kiya bhai register
4/12/2024,01:22:00,+91429949563,Doesn't exist bata raha hai
4/5/2024,15:23:44,+91841698679,15 May ko ek mail aaya tha usme username & password diya hai
5/17/2024,16:16:37,+91288213351,Bhai kuch nahi aya 15th ko
4/4/2024,19:18:24,+91619900031,aaya h
6/20/2024,15:52:45,+91886277005,Mila! Thanks ğŸ‘
4/29/2024,03:51:22,+91642072965,Abe enroll ka option Kaha hai
4/5/2024,10:47:01,+91505629697,toh register kar le
3/23/2024,14:19:31,+91859782292,Isme apne ko all courses me kya select karna hai?
3/3/2024,09:48:41,+91742135457,Samajh le bhai
3/3/2024,13:19:11,+91630676440,Tujhe result ki zarurat nahi
5/2/2024,19:12:14,+91134048521,Dikh gaya yahaan pe
5/30/2024,18:09:41,+91496975677,Mail mai ka password hi wrong bta rha
4/28/2024,07:38:12,+91499585602,Forgot password karde na ğŸ˜­
3/29/2024,03:55:47,+91367990115,Idhar kj somaiya sion hai hi nahi
6/18/2024,10:47:51,+91922909168,Register mai
6/22/2024,06:03:17,+91101695677,Ab isme kya hai ?
3/16/2024,12:41:54,+91489017646,bas abhi Wait kr
5/26/2024,18:44:26,+91158558347,Chodh mere dusre email pe aya tha mill gaya
6/10/2024,06:15:56,+91369776667,Please jara jaldi jawab do iska!!
4/10/2024,20:03:32,+91229453489,Update ho gaya hai ongoing test main
6/27/2024,11:11:05,+91432596068,Attempt karo ab
4/15/2024,10:21:30,+91150025368,Mil gya..Thank youğŸ™ŒğŸ»
3/27/2024,19:54:32,+91121570442,Kya???
4/6/2024,11:05:10,+91214082567,Photo bhej
6/20/2024,22:02:25,+91528817275,Sab ke Sab dashboard refresh karo
6/17/2024,11:57:11,+91498100683,Bhai IT Says- Waiting For attendance
4/8/2024,15:08:20,+91275898957,aage Kya?
6/19/2024,05:47:22,+91243638883,click hora uspe?
4/13/2024,12:00:28,+91695292711,Are pr krna kese hai
5/5/2024,06:55:16,+91902070406,register
5/25/2024,21:36:56,+91987630693,register karde
6/16/2024,23:21:05,+91390637710,enroll button Nahi hai
6/22/2024,15:20:57,+91218685964,Wo bss C wala dikha raha pr baki kuch nhi ho raha
3/20/2024,02:45:19,+91706194671,Waiting for attendance bata raha hai???
3/25/2024,18:00:25,+91161710159,Kaha pe dikha raha hai
6/5/2024,12:54:26,+91485375272,durse tab me chatgpt kyu khula hai ayush ğŸ˜º
6/26/2024,10:52:00,+91525674438,Mai bhi Wohi puchhne wala tha
6/25/2024,16:41:30,+91531178612,Muje Nahi bata raha hai
3/25/2024,08:48:48,+91792231683,Need is a need ğŸ˜‚
3/1/2024,22:43:00,+91566493620,Refresh kar
3/10/2024,14:41:09,+91106872042,Khula toh nahi tha but thanks for the idea ğŸ’€
6/16/2024,05:29:37,+91346877433,Bc 4 baar c agaya refresh karne pe
5/6/2024,12:55:22,+91389912875,Waiting for attendance dikha raha hai
3/22/2024,15:21:20,+91216481918,Attendance ki spelling bhi wrong hai
3/7/2024,13:51:06,+91396840982,Aur ek baar refresh karo 4 test aa jayenge ğŸ¤£
6/2/2024,19:14:17,+91422493174,Enter into test aagya but I don't know ki konsa kiske division ka hai
3/22/2024,03:30:59,+91725363317,Abe ab 2 baar c aur attandance dikha raha
6/6/2024,17:05:34,+91891468225,Mere ismai toh ye bhi nai dikha rha
3/23/2024,09:06:56,+91337637098,how to enterğŸ™‚
3/23/2024,21:15:22,+91193743897,hogaya start
3/5/2024,17:39:30,+91403923036,5 agaye bhai
5/20/2024,02:16:07,+91484440180,Bata jara
4/16/2024,11:23:17,+91230774732,Let's goooo
6/24/2024,13:23:47,+91767833805,konsa click krnay?
6/25/2024,17:21:47,+91879349150,Bhai pr hum log to waiting for attendance pr hai
5/11/2024,08:53:16,+91418943652,ğŸ¤”
3/13/2024,01:09:36,+91313063205,ek hi toh hai
6/7/2024,17:33:30,+91946524658,Nhi hora
4/28/2024,08:08:34,+91208258059,bottom wala
3/1/2024,19:47:18,+91156343664,start kaise kiya
5/11/2024,13:47:01,+91375458768,Meko Kyu Nahi aarha
5/11/2024,02:57:27,+91885207555,click kiya uske upar
5/12/2024,22:00:17,+91344984519,User ID kya dalneka?
5/29/2024,12:38:56,+91413891548,Same hai
3/1/2024,07:50:30,+91880891889,Somaiya id
4/19/2024,21:52:11,+91921595963,And password
3/21/2024,17:34:19,+91677397604,Mera somaiya I'd nahi haiina bc
4/4/2024,17:44:31,+91933127923,Enrol me click karo
4/2/2024,00:55:01,+91426971654,Mera normal wala dala hai chuitya mam ne
3/30/2024,00:36:52,+91201509144,tera durse pe aaya na woh dal
5/19/2024,04:27:54,+91708217774,Register kara ani login kara 11
6/2/2024,16:44:19,+91808561044,dal ke dekh*
6/9/2024,20:54:45,+91642534941,Idhar konsa wala ID and Password dalna hai ?
4/18/2024,19:19:05,+91201187108,hua Mera bhi
4/24/2024,18:17:39,+91193507975,Enrol me karo yeh aayega
6/12/2024,21:01:35,+91985095259,Site reload karo
4/29/2024,09:39:21,+91203199735,Mera bhi aa gaya
6/20/2024,07:30:50,+91295676800,Ok Kiya
5/4/2024,20:34:13,+91660265509,aage
3/22/2024,03:53:10,+91159344403,Password konsa mai pe aaya hua ki Clg walo ne apne ko admission ke waqt diya wo ?
6/12/2024,08:51:38,+91700398301,First test pe click kar
4/18/2024,22:55:16,+91951050879,Mail wala
6/26/2024,06:33:25,+91638420762,Kya karu abhi?
5/3/2024,23:32:19,+91274750330,nahi nahi spoken tutorial ke mail aaya hoga
4/29/2024,12:36:04,+91200807394,nahi aaya toh forget karde naya aayega
6/5/2024,03:45:06,+91524568956,Ha na kya krna h
5/22/2024,21:32:24,+91259052133,Enrol ke bad kya karna hai
6/19/2024,07:27:28,+91683336526,@919921509000 chalu karra mai
4/16/2024,01:17:30,+91888658958,Tst dena to pehla wala
5/12/2024,18:41:07,+91141363012,Sample dekhna to dusra wala
6/8/2024,20:12:52,+91890256059,Ye hai na?
4/29/2024,16:29:56,+91357962360,kisine start kiya?
5/16/2024,15:45:09,+91892106112,Sample not avalaiblr
3/26/2024,15:09:40,+91678827495,Aapke liye Ruka hu
6/22/2024,02:49:57,+91304864513,Sidha wahi start karo
3/6/2024,18:17:41,+91378103511,Enroll krna hai nn
6/18/2024,14:16:29,+91456636120,Enroll me ?
3/5/2024,21:55:04,+91830615709,1st wala ya 2nd wala
5/17/2024,17:29:10,+91300081263,enroll option hi nhi aaya hai
6/10/2024,17:00:37,+91579469015,jiske action me link hoga woh
4/30/2024,16:41:05,+91443462671,Quiz konsa select krna hau
4/19/2024,15:44:04,+91940993306,1st ki 2nd
3/22/2024,22:20:26,+91518112491,Dono me se ek bhi on nahi ho raha hai
6/12/2024,18:57:20,+91353176095,Attempt quiz click krna hai ?
6/1/2024,13:14:53,+91198896886,Iska kya hai bc?
3/4/2024,07:05:38,+91897271421,Maine toh sirf // comment // padha tha
4/13/2024,06:51:42,+91648995791,Answers bhi bhejo
4/6/2024,16:41:50,+91903738314,4 th ka kya answer hain
5/4/2024,22:49:52,+91561887496,2
4/3/2024,07:01:23,+91443139566,#include<stdio.h>
6/23/2024,01:01:45,+91432085607,ye batao
5/28/2024,20:12:41,+91826783697,Bhai compiler Nai daal
6/14/2024,20:04:53,+91551237155,ya chatgpt se puch le
5/30/2024,07:37:33,+91228942137,chat gpt 3 batata
6/14/2024,08:14:44,+91711032486,compiler 5 batata
4/3/2024,16:16:05,+91247203635,Kaise login karte h
4/29/2024,23:28:14,+91701443317,Idhar kya karna hai
4/12/2024,21:51:35,+91446288412,Test Enter krneko nahi dikha raha
4/25/2024,17:06:38,+91838596703,default ayega ig
3/27/2024,04:38:08,+91866344400,Guys Tum logon ka option Select karne ke Bad bhi Not yet answered dikha raha hai Kya?
6/21/2024,20:52:54,+91296678384,Same Mera bhi
4/26/2024,15:52:22,+91103860027,email id nhi pucha kyaa <This message was edited>
5/14/2024,07:26:10,+91272266301,Kiya login
4/14/2024,05:50:35,+91102887664,ji
3/5/2024,07:00:16,+91686115275,guys answers..!
6/14/2024,21:44:38,+91388876864,Q.20 ans ?
4/6/2024,10:50:58,+91249403339,error
5/2/2024,00:08:00,+91976226775,Sabke questions alag hai
4/18/2024,09:08:37,+91750621033,Bhai open hi nai hua hai
6/27/2024,15:44:28,+91224404850,Iska answer btao ko8
6/21/2024,00:01:45,+91981520876,Line 4
5/30/2024,20:53:45,+91973430922,Chatgpt pe daalo
6/9/2024,01:07:33,+91530782600,Fatfat mil jayenge answers
3/6/2024,23:14:24,+91476537337,Conditional statement hai na
6/18/2024,07:05:29,+91861297308,Puri Life error
6/16/2024,08:15:14,+91661298961,Conditional statement
5/5/2024,00:50:00,+91719294806,C-program
3/14/2024,06:12:47,+91887453914,Ek hi test haina 32 question wla??
3/16/2024,10:50:46,+91633063629,Sab ke question different hai kya
3/19/2024,01:38:50,+91953540450,answers de
4/2/2024,23:28:07,+91866932821,Humara toh Start bhi Nahi hua abhi tak
5/16/2024,02:43:34,+91410458399,Sabke alag hai
5/12/2024,00:36:39,+91937752876,chalu hi nahi hua mera abhi tak
6/30/2024,22:07:41,+91419780892,yeh hi aa raha haiğŸ˜­ğŸ˜­
4/12/2024,08:00:07,+91150646867,Abey online c compiler pr jaake run karo bkl
6/3/2024,00:09:11,+91901320272,Sabke alag hai dekh
6/30/2024,04:58:28,+91206680040,Gareeb ğŸ¥²ğŸ˜‚
5/14/2024,05:45:30,+91627874237,badshah hai re tuğŸ«¡ğŸ«¡
3/2/2024,04:19:53,+91404759104,Maâ€™am' ne ghost kar diya
4/21/2024,22:50:25,+91276591682,Same yaar koi bata do kaisa karna hai
5/27/2024,23:22:09,+91245024724,Abhi 15 din baad phirse test ayega vo de denge
5/12/2024,14:52:36,+91743914852,ye kaunsa question h??
3/24/2024,11:31:14,+91921808434,mujhe ye nahi aaya
5/28/2024,12:43:47,+91984044552,Mam ne bola yeh ??
4/25/2024,20:31:02,+91915517626,Uss instruction pdf pe likha hai
4/3/2024,10:09:56,+91675377112,pdf me likha tha
4/16/2024,13:04:25,+91588281081,Abey aur Kitna extend karenge
5/21/2024,21:58:03,+91842970141,Maâ€™am ne bola wait karo ğŸ¤©
6/5/2024,06:46:45,+91405585759,Ksa download krna hain ya
6/11/2024,01:20:05,+91831970579,Dashboard pe ayega certificate
3/5/2024,03:31:57,+91632280205,ğŸ˜‚ nahi par tumlog ki gand jalane mai Maza arahi hai
5/26/2024,11:48:13,+91102806178,Bicharee
4/17/2024,19:08:43,+91237090423,hahahahahahah
5/4/2024,07:54:06,+91396083741,biryani bhej
3/3/2024,21:46:23,+91825130242,Veg
6/11/2024,10:06:37,+91737403714,Tf Is This Test
6/7/2024,18:04:03,+91256795746,cheeğŸ¤¢ğŸ¤¢
4/18/2024,17:55:45,+91840099996,pulao bolte hai Usko
4/4/2024,08:12:55,+91696977518,What can I expect from vegan college
5/7/2024,00:37:02,+91339219691,Jo bhi hai bhejo
5/25/2024,12:32:41,+91627834408,pulao with kaju
5/1/2024,07:44:45,+91201404044,Line 9 ko choose kar
6/24/2024,05:44:22,+91297639988,Abey chatgpt pe dalna lavde
5/26/2024,04:29:19,+91802817560,Ata hai answer
6/2/2024,15:49:55,+91927691293,Dala Woh Confused hai
3/14/2024,15:33:44,+91927557467,Mereko aya tha
3/13/2024,19:26:47,+91758275801,Abe line 9 mai missing kya hai woh bata
6/8/2024,01:08:20,+91990281686,Search karna padega
6/25/2024,20:51:21,+91746604622,Dusra kar tab takk dekhta mai
3/2/2024,06:32:55,+91533907261,Flag karde usko
4/19/2024,10:28:50,+91986881441,Iska ans batao koi
6/6/2024,04:12:34,+91952499065,Alag code hai tera
6/9/2024,03:52:59,+91471787771,Aayush chatgpt kar
5/14/2024,02:20:18,+91473801246,Pura question daal
4/7/2024,15:58:02,+91261196732,Abe mereko 30/40 mila ğŸ’€
5/1/2024,00:23:49,+91639733862,70/100 actual grade
6/1/2024,01:11:31,+91437504543,"maine ek question ka answer 36 daala, galat mark hua because correct ans was 36.00 ğŸ™‚"
4/22/2024,10:04:14,+91707619618,Gpt karo bhai
3/8/2024,12:42:45,+91466285352,Ayein
6/19/2024,21:21:17,+91272518618,36
4/7/2024,04:28:02,+91418783706,.00 lagana bhul gaya
6/20/2024,10:58:43,+91170991553,Mere sath bhu hua
3/23/2024,04:38:11,+91360876045,10.00 hota hai
6/7/2024,00:09:15,+91959608147,10 likha Maine sirf
3/29/2024,10:20:25,+91547438337,Are isliye Mera wrong dikhaya Maine sirf 30 likha
6/9/2024,16:11:13,+91484851716,Vo Ek hi tha na?
4/30/2024,09:00:24,+91146490845,65 score pe pass ho jaata na certificate ke liye eligible h na?
4/26/2024,23:49:33,+91543590231,40 above chahiye
5/17/2024,21:57:54,+91933058659,Certificate kaha se download hoga? <This message was edited>
4/9/2024,23:46:16,+91920400978,Sem 2 result date expected 30th June
4/19/2024,00:22:14,+91456453388,Maybe preponed
6/4/2024,04:15:39,+91826719270,Probably end of June only
4/16/2024,07:43:45,+91478776729,Kya bewakoofi hai
5/15/2024,00:17:28,+91230571023,Msg by ghadiyali mam
4/9/2024,03:40:13,+91878061527,urdu mai bola ye
4/10/2024,11:17:33,+91979637537,*ğŸ‘©ğŸ»â€ğŸ’»ğŸ‘¨ğŸ»â€ğŸ’»Calling - - Students*
4/3/2024,06:09:17,+91191854637,Bhai tujhe bhi call aya woh ladki ka ğŸ˜‚
6/6/2024,17:53:41,+91886253041,Haaa bc
5/18/2024,01:21:45,+91970524922,Dimaag kharaab hogaya ha
5/26/2024,00:02:04,+91163870415,ğŸ˜‚ same bhai
4/28/2024,06:45:51,+91202526926,*Thrill-O-Trekkers presents special Monsoon Trek to Prabhalgad /Kalavantin Durg*â›°ï¸
3/22/2024,20:45:07,+91210335181,*(Training and internship opportunities) AICTE APPROVAL Platform IIT ROORKEE*
6/13/2024,05:27:05,+91343709766,@919978692005 welcome back bro
4/2/2024,19:35:21,+91105330547,ğŸ¤¨ğŸ¤¨ğŸ¤¨
4/14/2024,22:08:22,+91321032209,Are ye industrial Wala jo grp Hai Usme Kya bhauke jaare ye
5/9/2024,11:57:53,+91385504221,Yeh grp kab bana ğŸ¤”
6/7/2024,00:10:22,+91818299271,Aree Kya Pta bola mandatory Hai join krna
6/18/2024,20:00:26,+91740537652,Krdia
4/11/2024,16:37:08,+91182397302,Ja Ammar Khan Paise Kama
4/12/2024,16:15:29,+91722801690,15k mai khaak kuch hone waala hai
4/14/2024,04:39:54,+91596669531,That's what she said right ammar?
3/20/2024,22:53:59,+91219859166,@919978692005 hello bhai
6/19/2024,00:01:49,+91851291548,Helloo ğŸŒ¿ğŸ€
5/5/2024,00:38:33,+91217085098,group kyu exit kiya aapne
4/15/2024,05:17:10,+91735597553,Are woh usko bura lag gaya hoga
4/30/2024,16:23:11,+91392798857,kisko?ğŸ«£
4/17/2024,14:34:52,+91985147621,naam bata
6/8/2024,00:54:09,+91482829649,Arey wahi
4/17/2024,04:19:49,+91126858670,ğŸ˜®â€ğŸ’¨ğŸ˜®â€ğŸ’¨
3/4/2024,21:04:41,+91219208828,Kool down bitches
3/17/2024,03:28:31,+91482749275,Tu bhai bulking pe dyan de na
6/18/2024,06:09:04,+91859116634,ğŸ˜‚ arey arey
5/22/2024,05:43:48,+91459837965,Mai bulk kar nahi raha bhai
4/22/2024,06:34:14,+91747272479,Ho raha hai bus ab
4/19/2024,03:02:37,+91977615109,ğŸ˜‚ river in nepal...
6/18/2024,00:50:37,+91796189191,Ammar bhai abse Nepali hogaya na ğŸ˜‚
5/23/2024,16:54:57,+91861470970,Hatt bey
5/11/2024,05:26:51,+91574203930,Ye avoid karne ke liye woh dala tha ğŸ˜‚
3/19/2024,18:08:09,+91270761602,iska kitna galat meaning nikalta hai
5/28/2024,01:32:44,+91287616728,ğŸ’€ sorry ammar bhai biryani mat cancel karna
3/12/2024,09:20:40,+91483145581,Cancelled
6/2/2024,18:03:58,+91158832040,Very bad ammar
3/3/2024,19:14:00,+91635807319,Gali incoming in 1 2 3
4/1/2024,18:23:28,+91791894240,Aree lvde abhi 500 bhi Hai teepee? Aage Jaake to kuch ni ho skta obv
6/21/2024,16:17:09,+91431638858,eidi money hoga uspe abh
4/29/2024,06:25:10,+91386584723,Pade toh hai kaafi but yeh baatein batai nhi jaati nazar lag jaati hai
6/3/2024,19:11:45,+91670884446,Acha party de chal
3/23/2024,18:34:29,+91995212935,Kuch toh savings rehne de bhai ğŸ« 
3/2/2024,03:18:11,+91421728053,Ha saale 4000 Ka gift Ka chemistry kit do bas logon ko
3/24/2024,15:08:47,+91496861904,ğŸ« ğŸ˜‚
5/4/2024,19:46:40,+91616452193,Raaz mat khol
3/27/2024,03:21:31,+91703174008,Arey bhaii isko 10 ruppe do koi placement ke waqt kaam ayenge
5/6/2024,08:26:25,+91561807376,SVU ki power hai bas
6/8/2024,00:16:46,+91870383337,Not KJSIT
4/13/2024,03:00:09,+91405861151,I know isliye SVU bola
4/13/2024,14:59:07,+91113376859,MU wale saste nashe kar rahe hai
3/12/2024,03:28:15,+91670657876,Kya chal raha hai par?
5/30/2024,19:35:58,+91839819876,Result
5/27/2024,00:11:39,+91766396033,Ty ly ka aaya hai
5/30/2024,09:31:38,+91713099256,F Haa kya
3/18/2024,06:38:35,+91563459713,Fy ka kabtak aane mai lag rha
5/3/2024,10:28:58,+91130864490,Mai check nhi karra na
6/21/2024,09:55:59,+91842528414,Fy ka paper dekhke tumor hora logon ko
4/14/2024,18:06:22,+91666696009,Aane pe bol dena
4/7/2024,05:12:02,+91738201659,"Agar AutoCAD t2 mai fail hai , to suppli AutoCAD pe hoga ya written? Internal ka"
5/7/2024,19:54:25,+91862872363,Graphics ig
3/6/2024,19:24:13,+91270240054,Graphics tt ka supplementary drafting pe hai
3/8/2024,00:03:48,+91205878652,Agar AutoCAD practical fail hai to he AutoCAD pe hoga
5/24/2024,14:31:59,+91939835412,"Ok, thanks"
3/14/2024,00:48:03,+91338296374,Suppli Ka form Aya Kya Vaise?
5/22/2024,03:34:32,+91891531006,Last time dekha ni tha Bc 500 extra fee lag gaya Tha
3/5/2024,11:33:36,+91312698553,Bhai result to aane de
4/20/2024,14:09:25,+91478837165,Suppli ka form nahi hota
5/19/2024,13:11:48,+91928367611,Agar tu fail hai toh exam deni padegi
6/9/2024,21:21:24,+91261605965,End sem ka form hota hai
6/27/2024,19:44:05,+91689840768,Bc result ka kya scene hai ??
6/14/2024,06:48:31,+91933281565,Ohh okayy
4/2/2024,03:40:05,+91918817676,Cllg kb se shuru horha hai?
5/13/2024,05:19:34,+91967735995,13
3/7/2024,21:56:46,+91545746634,academic calendar
3/10/2024,05:45:46,+91769098815,Oh bhej
5/8/2024,02:18:52,+91513912733,8 se hai
5/24/2024,23:52:11,+91548421531,Puchke kya fayda bunk hi marna hai
5/26/2024,17:46:14,+91583117712,Fir bhi ğŸ˜† ticket toh nikalne pdege na
3/18/2024,23:05:08,+91171877541,13 ?
4/26/2024,21:03:53,+91209666138,Ye kab hua
4/24/2024,01:29:11,+91574237085,Bhejo jara academic calender
6/4/2024,04:20:09,+91368514125,Hanna
4/18/2024,03:51:41,+91395392028,Jo new roll list aya hai unme bhi starting date 8 hai .
6/11/2024,16:21:35,+91437820175,Kaha aayi hai yeh list bhejo pls
3/26/2024,02:45:48,+91327616218,Extc ki ayi hai ye pata hai baki ki unke classroom mai hongi agr ayi hongi tho
5/7/2024,03:12:12,+91878045683,List bhej
6/7/2024,16:30:49,+91396974279,Yeh nai haiiii
6/2/2024,09:17:17,+91351034153,Even sem ka hai yeh
5/2/2024,09:57:51,+91397839630,arey neeche dekhna likha hai 8th July commencement of sem 3
3/23/2024,19:25:34,+91759563880,Aacha Haa... But Yeh sem ka nai aaya na kuch
4/27/2024,19:11:26,+91547917367,3rd Sem ka Calender nahi aaya hai
5/8/2024,13:01:30,+91166689137,Ha rightt
5/21/2024,05:23:42,+91389618274,Bc ye sab bhi bhejre hai <This message was edited>
4/10/2024,20:32:42,+91425298218,Ye Head ko dikkat Kya hai
4/28/2024,16:45:11,+91778288305,head head derayğŸ’€
3/25/2024,00:56:57,+91511817455,Kab aayega Apne Branch ka Roll List
4/23/2024,03:39:55,+91228916946,1
6/1/2024,01:11:43,+91590540845,how are you?
4/5/2024,02:15:30,+91639844731,High ğŸŒ¿
3/22/2024,07:05:10,+91614887512,very bad ğŸ˜
4/27/2024,01:40:59,+91938043055,Ik ğŸ«¶
6/19/2024,15:37:59,+91303767730,Kya likha tha ??
3/28/2024,20:54:02,+91348191363,voi dekha nahi
4/24/2024,15:32:34,+91671521969,Kn abhi bakchodi mat karo
4/17/2024,17:40:17,+91443528706,STAY ALERT
5/7/2024,03:54:07,+91871495994,why so?
6/10/2024,19:13:06,+91895878560,I got it
6/30/2024,07:23:13,+91570700377,Pls explain
3/9/2024,18:42:52,+91174963909,Grp mai
4/7/2024,03:29:41,+91967210897,Kaafi log active hai
5/7/2024,15:57:37,+91611836332,koi special?
5/12/2024,15:55:51,+91605594919,@918369739886 tag kardeta tohhh
4/9/2024,05:17:59,+91610691761,mai ye sab mai nahi padta
4/26/2024,23:16:34,+91227857174,toh hum kya kare?
3/22/2024,01:20:03,+91379354485,Baat toh sahi hai
4/19/2024,22:39:42,+91308910091,Message delete
5/29/2024,07:01:42,+91827155888,jisko bolna hai usse bol milne
4/13/2024,20:04:23,+91383673781,@919321657025 bhai tujhe last time sem ka result kidhar mila tha?
3/14/2024,14:27:11,+91714759747,Idhar
4/15/2024,06:05:18,+91546445646,Sem 4 ka bhi aa gya hai aab toh
6/24/2024,22:08:10,+91712694348,What's new vale section mai dekh
6/30/2024,04:44:23,+91737562123,Ha Sunne Mila tha
3/24/2024,08:37:51,+91952008149,Our coming soon ğŸ’€
4/19/2024,18:32:07,+91974574044,Mohammed Jis Din bol rha Usse Pehle Mil jaaye
3/6/2024,20:40:16,+91513702831,ğŸ˜¤ğŸ˜¶
4/19/2024,17:39:20,+91708711850,Kya bola tha
4/20/2024,14:45:23,+91274601948,30-Jun
3/7/2024,11:26:57,+91317421619,Aa jayega
5/17/2024,03:08:10,+91791343961,Kya malum aaj hi aa jae
3/24/2024,09:30:21,+91281869690,really informative
3/23/2024,10:19:26,+91885556611,Bhai uspe result ka pressure hai isliye thodi hava nikl rhi hai
6/18/2024,02:03:10,+91247765457,Koi pucho na bc hod se kab araha result karke
6/30/2024,03:07:04,+91580358838,Result date change Hone se cgpa Thodi differ karne wala hai
6/15/2024,13:51:13,+91658421027,Suppli kaunsi Deni ye to pata chale
4/19/2024,19:46:17,+91908585156,I see
6/14/2024,01:12:04,+91262005398,Bhai kyu traumas add kar rahe ho life mai
6/20/2024,11:53:10,+91458039899,Enjoy karlo atleast Pura month
3/11/2024,11:23:51,+91888364469,Jab lavde lagenge tab dekhlenge
4/7/2024,14:37:19,+91769233291,Idhar bkl fir kt ke paise jama karne mai gand phatti hai
5/5/2024,08:04:31,+91324043101,STAKE pe laga paise
4/13/2024,13:08:57,+91751054417,easy money
3/8/2024,17:58:18,+91473294988,ğŸ˜‚ bhai terrko kya lagta hai mai kyu nahi laga raha hu?
3/11/2024,13:30:32,+91413390313,It's haram to gamble
5/11/2024,09:52:06,+91315498402,waise toh kitne haram ke kaam karta hai tu
6/7/2024,23:07:27,+91830560591,gambling bhi kar hi le
5/30/2024,03:13:46,+91669670722,Jo kaam apneko nuksaan kare ek baar fir bhi chal jate hai
4/5/2024,18:29:40,+91482416927,But if it hurts other
4/9/2024,07:53:17,+91370415136,Woh bohot jyada bada wala hoga
5/13/2024,02:47:01,+91271937928,Toh I would kindly decline ğŸ˜‚ğŸ‘
5/12/2024,08:36:48,+91688924591,Kisipe maths2 ke tt1 tt2 papers hai?
6/8/2024,17:11:19,+91779073157,Pls send na
3/18/2024,01:31:58,+91991456574,"Basic 7 days long * Backend Web Development using Node.js, express and JavaScript*"
4/8/2024,09:36:15,+91884457034,@918828543890 yo bangali
5/29/2024,17:35:59,+91186391176,Happy birthday
4/18/2024,22:00:01,+91426494910,Bol bulle
6/4/2024,06:21:54,+91741563278,Thenku Bhai ğŸ«‚ğŸ™ŒğŸ”¥
3/21/2024,17:21:10,+91348343263,ğŸ˜‚ madarchodh
5/17/2024,02:22:04,+91454554998,Aaj bday ke din maar khaana nahi chahunga sorry ğŸ˜ğŸ˜…
6/25/2024,16:26:42,+91143660300,Bro typed for ages for this ğŸ˜­
6/23/2024,10:01:43,+91380144009,Bhai tu college mai mil ğŸ˜‚
3/28/2024,06:24:26,+91231942155,Happy birthday subro
5/30/2024,08:55:48,+91287786338,Happy birthdayyyy
5/19/2024,21:46:11,+91635102178,Sabhi ko Thank you ğŸ«‚ğŸ™ğŸ”¥
6/13/2024,00:02:05,+91566092309,Happy Birthday subro bhai @918828543890 ğŸ‰ğŸ‰
3/21/2024,13:49:10,+91200073915,Thank you bhai ğŸ«‚ğŸ™Œ
3/19/2024,19:25:03,+91465515928,Phir machli khaane kab jaana hai
3/23/2024,13:14:03,+91220065774,Happy Birthday ğŸ‚ğŸ‰
6/7/2024,14:27:43,+91381270069,Arey fresh kalyan mai bharega paani
4/11/2024,23:47:20,+91766167486,Aaja agle hafte ğŸ”¥
4/29/2024,05:36:18,+91208709801,Kalyan wale aise machliya khaate hai?
4/14/2024,00:14:06,+91606875732,Cheap people
3/19/2024,02:23:15,+91237571022,Bhau
3/30/2024,11:25:38,+91885394621,Arey mai bengali Haath se pakdi khaata nahi toh nahi khaata
5/7/2024,21:54:58,+91500541064,@917977647427 Kalyan ki ijjat ka sawaal h
4/10/2024,06:02:05,+91651968912,Tujhe mohmmad ke saath hum sab kalyan waale se maar khaana hai kya
6/13/2024,23:23:41,+91518275481,Maarunga nahi gap chup Kasara Fast mai chadha dunga ğŸ˜¤ <This message was edited>
4/26/2024,21:39:15,+91733777183,Baaki Kalyan Sambhal legi
3/9/2024,11:02:43,+91426315338,Kalyan ke liye bola mai bhi par tu to mujhe hi upar se backstab kara
5/9/2024,05:12:01,+91229865775,aag mat laga na bhai ğŸ˜­
3/21/2024,12:46:17,+91770129990,Ek toh mushkil se gaav hai ye baat disprove kiya hai (jo abh bhi lok nahi man rhe ) <This message was edited>
4/23/2024,22:46:36,+91669120664,KN bhai sry ğŸ™
3/8/2024,02:58:24,+91679991751,Subroto bhai
4/26/2024,19:56:15,+91580293844,Party when
4/11/2024,07:02:15,+91206433179,Aaja Kalyan
5/10/2024,20:45:38,+91223630376,Yeh toh sazza hui
3/23/2024,02:34:08,+91605051421,Party chahiye ğŸ¤£
3/22/2024,12:20:54,+91591744002,Sazza leke aa mazza karata mai
6/10/2024,03:13:08,+91303381926,LavdeğŸ¤£ğŸ¤£
4/12/2024,11:25:30,+91135195797,@919892807086 chal jate
5/27/2024,02:05:52,+91486001057,Aajao
4/28/2024,02:13:02,+91926931478,ğŸ˜‚ result ke pehle party karlo bhai
3/19/2024,18:47:48,+91872029500,Warna toh rona constant rahega
5/20/2024,23:44:09,+91384582368,#ERROR!
3/29/2024,22:52:30,+91283458546,BC ye log alag gnd faad rhe
3/21/2024,13:16:33,+91994949401,Bolre gift ke naam le result aayega ğŸ’€
3/4/2024,03:32:59,+91866430000,Wese 8 July Clg re opening fix hai ha bois
4/10/2024,08:05:56,+91369149298,Ye SY walo ka Open house rakhwaya hai
6/22/2024,20:56:09,+91610553537,No idea dude
6/15/2024,04:58:42,+91227344765,@918097963222 waise bhai training kaisi chal rahi hai teri?
6/25/2024,13:31:00,+91444891163,Kuch na kare training chal rhi
6/29/2024,01:00:31,+91510215191,Demn bro got a girlfriend
5/29/2024,04:59:59,+91281285358,Bhai party ?
6/25/2024,09:39:02,+91420912799,ğŸ˜‚ Rent a girlfriend season 7
3/2/2024,11:05:23,+91935730077,Mai uski baat nahi Kar raha tha bro
6/5/2024,19:36:56,+91260822881,Abhi exactly yehi aaya recommendations mai ğŸ¤£
6/5/2024,11:09:17,+91322516418,Bro Muzan entry ğŸ”¥
4/18/2024,02:28:23,+91468697202,Solid episode tha bhai
3/9/2024,03:45:52,+91871524159,But Maine manga padha hai toh itna kuch exciting nahi tha
4/19/2024,10:44:43,+91953408397,Ook
6/25/2024,09:35:06,+91330438864,Kokushibo scenes ka wait karra Bc ğŸ”¥
3/25/2024,08:05:03,+91212500003,Thike bhai ufc match hogaa ab ğŸ˜‚
3/22/2024,09:21:18,+91846572349,Movies ayegi abhi 3
4/24/2024,18:36:22,+91102757863,But series better hoti
3/1/2024,16:18:35,+91369637835,45 min mai khatam kardenge movies
5/5/2024,16:40:46,+91915146149,Haa na bC
3/5/2024,01:29:48,+91921129350,Ye haikyuu ki mkbsda
5/24/2024,23:53:02,+91258640405,Galat idea de diya poore community ko
6/12/2024,23:18:25,+91358284552,ğŸ“šHeyy KJSITIANSğŸ“š
6/24/2024,20:19:06,+91468814907,//forms.gle/ic4Xnseg54ZgQH8P6
3/11/2024,02:02:23,+91642947793,Kisipe hotstar hai?
6/30/2024,20:08:13,+91884633437,Haa bol kyu chaiye?
3/19/2024,03:32:27,+91956527744,ind vs eng
6/12/2024,06:44:20,+91426940615,ğŸ§
6/28/2024,14:27:22,+91781761472,Ind going strong ğŸ’ª ğŸ’ª ğŸ’ª
4/1/2024,15:21:46,+91324911315,Ab bas finals ka intezar hai~
6/21/2024,09:18:11,+91476812017,Q1 - 6M
5/22/2024,07:18:36,+91871502601,Share this among the E.GRAPHICS suppl. students
3/4/2024,22:39:23,+91775565455,"1,2,4,6 send to others also."
4/25/2024,17:19:03,+91609146622,Modules
5/27/2024,06:56:39,+91764637058,Expect at most 3 questions from each module worth 5 marks each.
3/7/2024,15:50:34,+91204964930,Maths supp exam
5/8/2024,12:38:23,+91168895963,Result kabh aane vala bc?????
3/20/2024,00:38:05,+91337177649,Aaj ya kal meim aajayega
6/20/2024,18:26:48,+91356181552,Ksa pta
5/30/2024,23:49:05,+91686693443,Dost ne poocha
3/15/2024,14:10:02,+91982785982,Achaa hai
3/20/2024,09:59:40,+91879724446,Results are out
5/20/2024,10:27:38,+91505250843,Sab log dekhlo
4/8/2024,19:09:55,+91917368449,Bhai Aisa nhi bolte
6/13/2024,02:10:50,+91693670436,Kisi ke baare mai
5/19/2024,14:33:44,+91929189609,Abhi kuch boldunga toh vivaad hojayega
5/23/2024,08:18:32,+91686167738,ğŸ¤«ğŸ¤«
4/30/2024,10:04:46,+91111728634,bhai ammar pass hoo gaya?
6/23/2024,06:57:14,+91114236853,Results sab dekh skte hai
3/1/2024,06:37:16,+91335459020,Dekhle
3/16/2024,12:07:19,+91321510884,ashcharyachakit
6/26/2024,02:25:52,+91989922095,Pls tell me this is not final and revised aayega
6/19/2024,13:59:33,+91963065460,Open house ke baad final aayega
3/13/2024,11:47:11,+91665621643,Aayega revised open house kenbaad
4/19/2024,06:39:21,+91654015076,Open house kab hai?
3/23/2024,03:10:16,+91860807928,Mail aayega
5/18/2024,21:28:12,+91781875348,SY moving TY ka 8th July ko hi rkha hai
6/27/2024,05:23:58,+91333656196,Academic Calender (ODD) - Time table (Lec/Prac) vagara kab dalenge ye log ?
6/23/2024,21:30:24,+91380483546,Bhai samje aise puchna ğŸ¥²
6/23/2024,14:43:09,+91366742299,Academic calender & Timetable kab dalenge ye log ?
3/13/2024,12:30:47,+91109290802,Aise puch rha
4/26/2024,09:39:49,+91456386806,kyaa Pata abhi Admission ke Baad hi prolly
6/19/2024,14:19:06,+91892221815,Exam cell ki shaeen mam ka contact number hai toh bhejo
6/23/2024,10:39:00,+91508699966,Kisi ke pass end Sem ka maths ka paper hai???
4/3/2024,15:54:58,+91448264541,Bhai aaj padhai nahi karte
4/28/2024,14:47:09,+91805388264,Final dekh final
6/11/2024,12:14:25,+91721288366,Finally some good words out of you
4/25/2024,17:05:24,+91773023092,Oh really? ğŸ˜’
5/21/2024,23:53:56,+91470642636,Bhai TT Ki supple jyada durr nhiye...ğŸ¥²
5/30/2024,08:51:52,+91241025595,Proj of Solids k imp que h kisike pass?
6/15/2024,08:17:08,+91874767281,KP ki banai hui textbook kaafi hai
6/19/2024,19:03:57,+91536656177,uske soln h kyaa
6/5/2024,13:17:03,+91286827996,ğŸ˜·ğŸ˜­
4/7/2024,11:27:19,+91434441574,Bhai @918779139310
3/22/2024,01:23:20,+91250303081,ğŸ’€ğŸ˜­
6/8/2024,02:37:52,+91936416784,Match dekhne do bey
3/24/2024,21:00:19,+91371097313,All eyes on Virat ğŸ¤
5/21/2024,00:43:39,+91406059824,On india ğŸ‡®ğŸ‡³
3/1/2024,03:51:39,+91665298503,Bro is a hater of viratğŸ¤
4/28/2024,15:56:27,+91549668486,Jeetenge jeetenge
5/6/2024,20:06:55,+91373849010,Hardik Virat Vapas Gand Bachalo
3/1/2024,03:49:06,+91235049469,Frfr
5/5/2024,01:35:20,+91399460669,Hamesha ka hogyaa hai
6/26/2024,05:31:07,+91748703923,Bhai bapu
4/13/2024,20:30:24,+91570907250,Kya kardia yrr
6/15/2024,16:27:45,+91823202303,Itna pyaara khel rha tha
6/23/2024,20:43:29,+91945791604,Itna casually out hogaya
6/10/2024,05:48:32,+91859211737,Ye south african bkl 8nki fielding alag hota
4/19/2024,03:18:44,+91396979720,Bin fukat ka out huağŸ¥²
4/18/2024,15:11:02,+91828801180,Dube de bc 2-3 six aur
4/28/2024,05:45:23,+91288654091,Aaj sahi khelraha
5/4/2024,06:40:59,+91674393372,King Kohli
6/10/2024,13:29:19,+91485464762,ğŸ™‡ğŸ»â€â™‚ï¸
4/3/2024,11:17:43,+91521312827,ğŸ
6/13/2024,19:45:05,+91879203789,Achha khaasa game ki gaand maar di SA ne
3/12/2024,06:54:32,+91750611363,KING KOHLI ğŸ ğŸ‘‘
4/21/2024,05:21:10,+91990025865,Bro literally played for half match (10 overs)
4/14/2024,22:39:43,+91146117520,Still 76
4/11/2024,02:13:07,+91158264301,Shame... Total shame
4/1/2024,13:40:43,+91937892693,Bhai ka Cricket knowledge ğŸ˜‚ğŸ‘
5/6/2024,04:52:03,+91994699245,Bhai century bhi nahi banaya
4/29/2024,06:39:07,+91329990982,Itne balls khaake
3/24/2024,03:25:05,+91784631266,Kaunsa maal bhau
5/21/2024,21:07:30,+91679176853,Wo out hoylta pressure kitna atta
5/12/2024,04:14:49,+91128772942,Cricket ka knowledge hai na bhai m
5/22/2024,13:53:56,+91302683787,Bhai kai bolnr aatağŸ¤£ğŸ¤£
4/15/2024,00:06:53,+91362827239,Lockdown kids ğŸ¤¡
4/17/2024,22:20:37,+91745889878,ball knowledge ğŸ¤¡
3/25/2024,10:58:16,+91290273521,Reels pe cric dekhne wale
4/22/2024,07:28:13,+91257696808,Bro 12-15 over tak darke khelo uske baad kyu
4/7/2024,22:39:18,+91628489140,Score aagaya na phir bhi
4/28/2024,23:46:09,+91664241861,2 over ka match khelne vale
4/16/2024,18:34:49,+91847619076,12-15 ball toh khelna sikh
4/16/2024,17:44:29,+91226230508,"Don't u think he played for his ""50"" ?"
6/19/2024,02:54:18,+91541855195,Wrong msg tagged
3/14/2024,05:51:06,+91726586911,Samaz gaya wohğŸ¤£ğŸ¤£
6/28/2024,14:37:54,+91932844781,chup baith na jara
5/26/2024,09:44:16,+91692289439,Axar aur behtar khel raha tha vai
6/11/2024,06:58:41,+91860228369,Tu pakistan se hai kya
6/4/2024,01:47:51,+91875251198,Kohli fans assemble ğŸ”¥ğŸ”¥
3/27/2024,03:59:23,+91861780395,Bhai Tera naam Aisa hi ki gaali bhi nhi de skta
6/29/2024,18:55:13,+91334052771,Isko 8 july tak ke liye grp se nikal do ğŸ¤£ğŸ¤£
3/12/2024,17:50:13,+91208828532,ğŸ¤£ğŸ¤£ğŸ’€
5/8/2024,10:44:39,+91292425547,Chutiye fans bc
3/5/2024,03:07:46,+91616655871,Finals ke wakt to fans matt bano <This message was edited>
6/24/2024,11:20:45,+91536874723,Cup important hai vai
4/23/2024,12:44:47,+91646105924,Ind fans ke hisab se hi bol rahe hai kohli ka innings acha tha
3/28/2024,03:03:25,+91729035871,â˜•
5/15/2024,05:24:51,+91604834786,Tere gharpe aara kya bhai
6/22/2024,08:50:59,+91786658757,Kya hai 8 july tak?
3/24/2024,03:12:25,+91424373127,Kyu bhai itni zyada kt aagayi?
6/15/2024,13:32:15,+91757946410,match chalu hogayi isliye jaane de rahe hai
5/14/2024,04:20:06,+91563722615,Break aagya tu bol sakta haiğŸ˜‚ğŸ˜‚
3/11/2024,17:21:23,+91918852202,Bhai sachhi puch raha
6/18/2024,02:23:31,+91479523538,8 july tak kya hai?
6/26/2024,21:09:12,+91242416192,bhai tu phone band karke sooja
4/5/2024,03:27:43,+91716369104,Boom boomğŸ—¿
6/14/2024,22:38:03,+91267937887,Boom boom rocks...ğŸ«¡
6/1/2024,21:16:02,+91144639170,Bumrahhhh GodğŸ”¥ğŸ”¥ğŸ”¥ğŸ”¥
3/19/2024,13:30:03,+91969421674,Kya bowl tha bhaiğŸ¥µ
5/29/2024,18:23:30,+91894882623,Orgasm ho gaya kya beğŸ˜‚
5/3/2024,12:46:27,+91835052293,Gaand fati reza Ki...ğŸ˜‚
6/8/2024,01:27:43,+91171450513,Tuje nai aata?ğŸ’€
3/21/2024,02:32:08,+91409274078,Bhai kisiki bowling dekhke to nahiğŸ’€
6/24/2024,03:14:37,+91739495945,"This is the real shit bhai, baaki innings to OK OK he thi coz suppose hardik ya Axar ko kuch aur balls mil jaate to 200 paar hota score"
4/26/2024,18:22:46,+91667239577,Markram bye bye...ğŸ«¡
4/24/2024,06:36:57,+91860897071,Gogi puttar also rocks...
3/21/2024,03:11:49,+91327901891,2 wkts down ğŸ”¥ğŸ”¥
5/4/2024,12:16:53,+91249971352,Cup mil gaya samajlo
4/12/2024,01:55:03,+91120854042,Abhi to kuldeep aur axar ka spell baaki hai
4/4/2024,22:19:11,+91549446489,Bhai tu football dekh
5/2/2024,04:23:29,+91496234886,Pakistan chala ja tu
6/13/2024,08:00:32,+91213005361,Abe tu atleast Kohlistan se to nikal pehleğŸ˜‚
4/11/2024,12:53:46,+91763752801,abbe yedi gand
4/21/2024,05:55:07,+91971366037,phone band nahi kiya kya abh tak tu??
3/30/2024,16:22:44,+91912318038,Reels mai cricket dekhta hai woh
4/10/2024,06:37:06,+91954390853,Abe jaao yaar
6/17/2024,03:28:54,+91156174380,Tum log*
6/3/2024,13:20:47,+91318799823,Agar wo out hota pressure kitna hota india pe patta hai
5/23/2024,09:56:46,+91276099551,Yeh wohi log hai joh vijay shankar ko 3D player bolte hai
3/21/2024,05:55:59,+91867917283,N/o...ğŸ¥²
5/19/2024,05:53:51,+91938577544,Na bhai tu konse bhi indian player be bolta to same reply rehta
3/4/2024,22:48:08,+91251290902,Pakistan chala ja ğŸ‡µğŸ‡°
3/13/2024,02:50:20,+91634278940,Theek hai vaiğŸ«¡
5/21/2024,02:01:02,+91554337193,Bhai kohli ka role tha end tak tike rehne ka kyuki wo out hojata to koi nhi tha aur
6/5/2024,16:23:26,+91146219202,Tera baap tuje marta Nahi a kya? @917304832287
4/13/2024,02:29:18,+91464296793,Same question from my side â”
3/16/2024,17:45:25,+91143167536,Chod bhai samja dia usko ğŸ˜‚
3/3/2024,08:23:58,+91763200077,Accha kam kiya bhai ğŸ™Œ
3/16/2024,22:46:37,+91664878256,@919136115989 is my real broğŸ’ª
3/30/2024,23:45:58,+91812282890,How Bro feels after sending sticker ğŸ—¿ğŸ˜‚
6/14/2024,05:48:04,+91181204844,Bhai kohli aur modi fans se iske baad pange nahi le raha mai
4/20/2024,02:22:21,+91267951766,Bc sidha maut dikha dete haiğŸ’€
6/23/2024,01:31:34,+91539887087,Achha hua raj thakare ke bare mai Kuch nahi bola ğŸ˜‚
6/10/2024,09:59:36,+91896137762,Bhai phir to sachhi mar jaataâš°ï¸
3/19/2024,19:36:11,+91379591256,Btw it's Thackeray bruh
6/22/2024,16:06:59,+91220421134,aaeee bhaiğŸ˜¶â€ğŸŒ«ï¸
3/5/2024,12:03:52,+91451510461,à¤­à¤¾à¤µà¤¾ à¤ à¤¾à¤•à¤°à¥‡ à¤†à¤¹à¥‡ ğŸ˜‚ğŸ‘
5/11/2024,18:57:13,+91166939929,Asal marathiğŸ”¥
4/17/2024,19:27:04,+91829437968,Stubbs gone...ğŸ”¥
6/12/2024,14:24:05,+91824662348,Baapu going against his non-violence principles ğŸ’€ğŸ”¥
6/3/2024,02:26:03,+91173716260,The bapu which nation wants
3/18/2024,07:10:45,+91368515569,Bhai koi kala jadu karo bc
6/15/2024,15:33:22,+91166902760,bengali grp assemble
3/25/2024,11:25:05,+91942094848,Bhai easy 200+ ka score tha
3/5/2024,11:39:16,+91340510737,Ye IPL Nahi Haii
3/15/2024,17:37:49,+91139762098,jaa khele fir udhar jaake
3/15/2024,14:12:00,+91133970272,bas online baaje jaa raha kabse
3/4/2024,04:47:12,+91489979549,ğŸ«¢ rehna chahiye meko
5/26/2024,06:05:51,+91954265349,Toh rehna chup bhai
3/14/2024,12:04:45,+91124372018,Kyu khudki marwana chahta hai
4/19/2024,04:49:56,+91761852972,Cup gaya*
6/26/2024,09:05:17,+91623493801,"Abe sale mba chai Wale ki aulad , panauti"
6/2/2024,19:53:47,+91783840891,agle bar cup namde
6/1/2024,00:12:24,+91690377911,@admin nikalo yar isko
5/15/2024,23:16:22,+91826429497,Aaoge tum kabhi meri jaan keh rahi aayega ye samah
5/11/2024,18:16:05,+91398014067,Choo lo edits loadin ğŸ¥²
6/19/2024,14:52:09,+91816818613,Bhai Axar ka spell nahi chala
4/3/2024,10:48:28,+91244847784,Kyu yaar
6/13/2024,17:00:59,+91380704410,Abe panauti jinx kyu kiya uppar
3/4/2024,12:03:08,+91892688680,Nahi chale spinners bc
5/2/2024,21:38:50,+91249776934,"Good night, kal se move on ki tayari start"
5/21/2024,06:39:28,+91140096987,Flat pitch pai spinners kaise chal sakte hai ?
4/6/2024,22:12:53,+91777963696,Bhai 4 wickets unka bhi gaya lekin Klaasen ka batting dekho
5/30/2024,18:01:21,+91938980643,Finally out
3/20/2024,14:39:52,+91923306261,ğŸ¥º
5/14/2024,23:29:24,+91406941716,ayega bois comeback
6/3/2024,14:15:07,+91961117908,Kung fu pandya
5/6/2024,12:17:06,+91738582578,22 of 18...ğŸ¥²
6/19/2024,01:22:17,+91334333383,Nahi lag raha
6/22/2024,15:10:27,+91117804806,Miller abhi zinda hai
3/9/2024,10:54:51,+91508665215,2nd last over deciding hoga
3/7/2024,23:40:54,+91173954222,Bumrah Abhi zinda hai
6/18/2024,10:29:48,+91187330533,Aana chahiye
3/30/2024,15:35:56,+91777894953,Oh yeah!
5/20/2024,04:59:29,+91395773905,22 of 16...ğŸ˜¶
6/26/2024,15:16:14,+91911705284,ğŸ§™ğŸ§ğŸ”®âœ¨ğŸˆâ€â¬›âœ´ï¸ğŸª„
3/24/2024,21:23:33,+91578113704,Lo Bc
5/9/2024,10:53:41,+91266214984,Out bc
5/15/2024,17:43:47,+91150174519,Jeet gaye to @918828543890 ko dhanyawad
4/13/2024,00:19:25,+91974143779,gaya Jansen bhi
4/3/2024,18:27:45,+91839188009,bumrah god
5/5/2024,09:32:37,+91799815464,Baat mana karo
3/27/2024,19:53:59,+91756868970,Jassi jaisa koi nahi
4/21/2024,00:21:52,+91907533287,Over katam hogaya uska bhi
3/6/2024,17:22:45,+91513977280,Ek dot Ek Wicket
6/11/2024,02:33:48,+91374495061,20 of 12
4/11/2024,15:19:05,+91293104601,Dil se ğŸ™
5/28/2024,13:47:23,+91506949738,Aur jaadu kar bhaiii
5/20/2024,05:15:28,+91368778955,God bas Ye Wicket dilade
5/12/2024,13:21:17,+91143058773,Kt ki Padhai chalu kardunga
6/19/2024,14:30:26,+91255628298,Ok Guys Mere signal Mai khujli hui Bai
5/9/2024,23:23:54,+91967100956,@919674878598 abhi tu sambhal re
4/14/2024,01:10:07,+91595913753,"Last ball single aajaye, maharaj aayega firr strike pe"
4/18/2024,14:57:06,+91828281049,16 of 6
4/30/2024,07:45:32,+91675926628,I guess cup Haath mai hai bois ğŸ”¥
6/15/2024,21:39:51,+91716070455,ğŸ¤ğŸ»ğŸ¤ğŸ»ğŸ¤ğŸ»
4/27/2024,12:19:39,+91309294318,Vote karooooo!!!!!
5/17/2024,13:18:19,+91931880294,Good luck kaam karega bc
6/25/2024,09:12:06,+91805974600,Last over kung fu
6/7/2024,01:52:25,+91154668628,Last over thriller guys..
4/27/2024,23:00:54,+91184515180,Super over ho jaye...ğŸŒ
4/24/2024,18:53:30,+91593096588,Baap re..Super overğŸ¤£
3/25/2024,02:33:51,+91796957238,Don't be hard dick plzğŸ˜­
6/29/2024,19:15:55,+91367923311,Play like hardikğŸ™
3/6/2024,11:44:20,+91449570768,Script mein koi kami nhi hogi...ğŸ˜‚
4/29/2024,19:19:04,+91670875146,Wwwww
3/27/2024,15:09:20,+91286494063,Naccho
3/9/2024,01:05:02,+91697213218,Ohh bhai
5/7/2024,19:21:36,+91889436813,Magic jaari rakh bhaiiii <This message was edited>
3/8/2024,06:45:57,+91272192171,On IT ğŸ«¡
4/18/2024,19:10:22,+91456088476,Bengali baba ka jadu working
4/13/2024,17:59:17,+91561646267,crazyy ass match
4/7/2024,06:52:17,+91388004721,Surya goat ğŸ˜­ğŸ™‡ğŸ»ğŸ™‡ğŸ»ğŸ™‡ğŸ»ğŸ™‡ğŸ»ğŸ™‡ğŸ»
6/23/2024,13:59:44,+91625720917,Unbelievable surya
4/26/2024,20:47:05,+91919840263,Rabada BC...ğŸ¥²
5/27/2024,21:30:54,+91195506975,BC ye catch chahiye thaa ğŸ˜­
4/19/2024,14:13:03,+91394236950,Hardik â¤â€ğŸ”¥ Jeeta deyyy
3/22/2024,19:17:32,+91904820321,ğŸª„
6/26/2024,03:31:08,+91257900657,Finally...ğŸ¤ğŸ»
3/20/2024,11:20:41,+91924945133,2 balls
5/5/2024,09:01:12,+91865915786,10 runs
3/29/2024,22:07:32,+91636738928,ğŸ¤ğŸ»ğŸ¤ğŸ»ğŸ¤ğŸ»ğŸ¤ğŸ»
4/30/2024,07:19:34,+91613716236,Letssss
3/19/2024,21:51:39,+91341549965,goooo
5/22/2024,20:16:01,+91813986585,Lessgo
3/7/2024,07:27:16,+91195962025,ğŸ‡®ğŸ‡³ğŸ‡®ğŸ‡³ğŸ‡®ğŸ‡³ğŸ‡®ğŸ‡³
5/22/2024,04:16:12,+91532798854,Nacch
5/1/2024,18:02:42,+91843052697,nacho
4/3/2024,07:00:09,+91243250289,India ğŸ‘ğŸ’¯ğŸ‘
3/29/2024,19:29:37,+91168789894,@918828543890 THE REAL GOAT! <This message was edited>
3/1/2024,16:08:06,+91932575599,ğŸ”¥ğŸ”¥ğŸ”¥ğŸ”¥ğŸ”¥
5/20/2024,06:00:15,+91702121932,Jeet gayeğŸ˜­ğŸ˜­
5/6/2024,23:44:57,+91961039473,ğŸ”¥ğŸ”¥ğŸ”¥ğŸ”¥ğŸ”¥ğŸ”¥ğŸ”¥
5/20/2024,19:24:57,+91693520403,Op bhai
5/23/2024,12:19:43,+91957813884,Bengali ki shaktiğŸ’ª
5/23/2024,09:27:38,+91493064831,India IndiağŸ‡®ğŸ‡³ğŸ‡®ğŸ‡³ğŸ‡®ğŸ‡³ğŸ‡®ğŸ‡³
4/12/2024,04:52:01,+91604515441,Jadu tona
6/10/2024,05:51:36,+91426019299,Kuch bolrahatha kya
5/26/2024,08:17:19,+91794183419,@918779139310 ab padhneka hai teko ğŸ’€ğŸ«¡ğŸ˜­ğŸ˜…ğŸ¤£ğŸ‰
3/22/2024,08:18:08,+91353219235,ab aa ramakrishna
5/4/2024,11:15:29,+91619353197,Ise bolte hai khoobsurat saajedaari <This message was edited>
4/30/2024,08:15:48,+91553996699,ğŸ¤©ğŸ”¥ğŸ™Œ
6/18/2024,23:11:28,+91683708083,India lifts the world cup after 17 yrs...ğŸ˜­
3/15/2024,14:49:07,+91280919565,ğŸ¥µğŸ‡®ğŸ‡³
6/20/2024,16:47:27,+91407835012,Surya Be like
3/19/2024,20:56:00,+91784968273,Lord hardikğŸ”¥ğŸ”¥ğŸ”¥ğŸ”¥
5/30/2024,07:05:51,+91110177127,Congratulations to Team India for a Glorious Victory
6/28/2024,09:31:18,+91675142375,Literally played like A teamğŸ”¥ğŸ”¥ğŸ”¥ğŸ‡®ğŸ‡³ğŸ‡®ğŸ‡³ğŸ‡®ğŸ‡³ğŸ‡®ğŸ‡³ğŸ‡®ğŸ‡³
6/25/2024,02:31:19,+91152751934,Nachoooooo Bc
5/12/2024,02:25:33,+91762665039,ğŸ’ªğŸ’ªğŸ’ªğŸ’ªğŸ”¥ğŸ”¥ğŸ”¥ğŸ”¥ğŸ”¥
6/11/2024,23:45:21,+91800026624,Real players were the people at home who brought ganpati to the ground
4/12/2024,07:27:57,+91203284465,India won
3/5/2024,10:16:02,+91315016834,Khushi se
3/3/2024,08:11:32,+91124565703,à¤œà¤¿à¤‚à¤•à¤²à¥‹ à¤°à¥‡ FinallyğŸ˜­ğŸ‡®ğŸ‡³
5/10/2024,12:06:45,+91914768407,Jittttt gayeeee bcccccc
3/21/2024,13:46:10,+91142999719,@918828543890 ko sab milke party dete hai bc
4/24/2024,11:16:05,+91597521392,Crazy emotions
6/29/2024,18:36:30,+91799260654,Maano ya na maano
6/28/2024,19:10:40,+91394735104,17 yearsssss bhai
5/12/2024,21:32:55,+91881618176,CrazyyyğŸ˜­ğŸ˜­
4/22/2024,10:40:25,+91465522930,Curse Hatt gaya
3/8/2024,13:23:39,+91356516845,Badla poora hua
3/21/2024,19:13:18,+91950726599,Undefeated team india ğŸ‡®ğŸ‡³
4/28/2024,18:45:30,+91972393290,Surya bhai ğŸ’€ğŸ’ğŸ’
4/23/2024,06:15:55,+91614726774,Literally bhaiğŸ”¥ğŸ”¥ğŸ”¥
6/13/2024,15:05:13,+91865197966,Kya boundary pe catch tha ğŸ’€
6/27/2024,05:21:35,+91190083926,Bumrah WicketsğŸ”¥ğŸ”¥
3/4/2024,18:27:10,+91140671719,Team efforts literally ğŸ”¥ğŸ”¥ğŸ”¥
4/28/2024,10:18:34,+91982232806,26 of 24
6/29/2024,10:37:06,+91684604517,ğŸ”¥ğŸ”¥ğŸ”¥ğŸ”¥ğŸ’ªğŸ’ªğŸ’ª
3/27/2024,07:26:07,+91106784181,Hitman power
3/11/2024,01:45:19,+91905051795,rohit Dream Is complete bcccc
5/5/2024,22:38:13,+91402644220,Virat Kohli Last T20 World Cup
5/9/2024,21:12:36,+91213333628,Haters gonna enjoy
5/20/2024,14:40:32,+91961340015,ğŸ’ªğŸ’ªğŸ’ª
5/27/2024,12:20:46,+91828694963,player of The tournament For me
4/26/2024,03:00:31,+91621890688,kya re lodu
6/26/2024,22:41:03,+91146418120,A Comeback Scripted in Heaven
4/8/2024,22:56:52,+91725605011,Ye bolrahatha na haregi
6/23/2024,01:33:19,+91344177093,obvious tha
6/11/2024,03:32:21,+91394696289,gambhir Head couch Banega
5/1/2024,08:56:47,+91246290461,Sab Individual formats pe focus hoga
6/28/2024,08:31:13,+91370026703,Mazak nhi karra be ğŸ˜‚
6/11/2024,10:10:02,+91801614119,Yesss Ik
3/9/2024,15:24:25,+91408127194,Har format ki Kinda diff Team
5/11/2024,08:47:26,+91116026259,rohit Kohli odi
4/24/2024,17:04:19,+91126455889,T20 Puri young Team
4/21/2024,22:49:14,+91374269154,more to come in The cabinetğŸ’ªğŸ”¥ğŸ”¥ğŸ”¥ğŸ”¥
3/21/2024,14:17:46,+91793282464,Aaj haarte toh Roo deta
3/24/2024,14:19:30,+91574357870,Ab jeetke Roo raha Lol
3/7/2024,20:16:43,+91168312240,Virat kohli ka aakhri world cup thağŸ™ƒ
4/9/2024,23:24:18,+91118445865,Mein toh ro hi rha bhai
6/9/2024,11:58:10,+91409945913,T20 World Cup*
4/7/2024,06:13:06,+91471108788,Virat ka aakhri world cup hai
5/2/2024,12:38:28,+91911722240,T20
4/30/2024,23:08:12,+91725195626,Bhai Tum logo ne kuch notice kiya ?
5/2/2024,13:05:24,+91114894751,7 runs se jeete hai
3/3/2024,14:36:43,+91748984109,kyaa
6/14/2024,22:18:24,+91856187643,Bsdk
3/28/2024,07:00:48,+91420213554,Nao
3/8/2024,12:51:53,+91553566044,Thala
4/14/2024,10:56:30,+91453063394,Admin isko nikalo
4/8/2024,03:28:09,+91951408216,ğŸ™‡ğŸ»ğŸ™‡ğŸ»
5/19/2024,09:07:20,+91665271213,Thala goat
4/9/2024,00:17:41,+91146909619,Last T20 world cupğŸ¥º
3/2/2024,09:03:59,+91812876348,Isko lenge sab side me on 8th
6/23/2024,04:31:15,+91698074441,bolti Band abhiğŸ¤£ğŸ¤£
4/19/2024,18:48:11,+91489631333,Maaf kardo yaar
3/14/2024,01:46:58,+91380511028,Galti se mu se nikal gayi
5/1/2024,23:59:23,+91173602972,Bachhe ki jaan loge kyağŸ¥²
6/10/2024,05:27:58,+91764762236,So bois once for INDIA !!!??
4/18/2024,09:56:14,+91633112810,Bhaaarat MAAATA kiiiii ?
4/3/2024,06:33:03,+91641446291,JaiiiiiiiiiğŸ‡®ğŸ‡³ğŸ‡®ğŸ‡³ğŸ‡®ğŸ‡³ğŸ‡®ğŸ‡³
5/18/2024,13:07:12,+91332724077,JAIIIII ğŸ‡®ğŸ‡³ğŸ‡®ğŸ‡³ğŸ‡®ğŸ‡³ğŸ‡®ğŸ‡³ğŸ‡®ğŸ‡³
4/20/2024,14:11:17,+91930502948,JaiiiiiiiğŸ‡®ğŸ‡³
6/28/2024,10:39:20,+91313821623,Kaali jubaan hoti Tu toh Chod diya rehta
3/25/2024,22:47:25,+91989834367,Abe @919405943134 abhi to opinion change karleğŸ˜‚
6/19/2024,00:24:15,+91746358882,Maafi bhai krra hu ruk
3/3/2024,12:00:05,+91543168339,Bro Apne profits ginra Disturb matt kar
5/28/2024,14:32:21,+91843035946,Anshu Bhai Gali peğŸ¤£ğŸ¤£
3/26/2024,09:40:22,+91596682540,tu Gaya nahi abh tak?
4/2/2024,17:49:22,+91305561215,Maybe ur right... ğŸ˜‰
5/22/2024,08:30:31,+91317501893,Dont worry kali zuban will never win over kala jadu
4/28/2024,12:54:07,+91997331823,Aree bhai meko kisise nahi jeetna
4/17/2024,07:18:48,+91927372909,Bass India ko jeette hue dekhna thağŸ‡®ğŸ‡³
6/14/2024,19:38:06,+91347006011,ğŸ˜‚ğŸ˜‚ fr
4/19/2024,20:06:24,+91683443933,IMP part shuru hua dekhooğŸ‡®ğŸ‡³ğŸ¥¹
3/26/2024,13:01:19,+91523757870,Bhai surya ki koi to taaref karo
6/1/2024,20:29:05,+91701018272,Bande ne literally match badal di
3/4/2024,20:24:03,+91854783082,Tareef kya bhai muh me lene ja raha hun
3/9/2024,01:35:23,+91235339559,Bhai Sabke efforts hai
6/30/2024,15:12:43,+91697715511,And the trophy comes home ğŸ‡®ğŸ‡³
6/21/2024,06:20:56,+91509918412,Aagaya cup @917304832287
3/2/2024,18:13:14,+91830425269,Haa bhaiğŸ¥¹
6/14/2024,12:06:54,+91125684763,Crazy emotions ğŸ”¥ğŸ”¥ğŸ‡®ğŸ‡³
6/8/2024,00:23:21,+91775173523,India's Tryst with Destiny Reimagined
5/3/2024,07:40:34,+91840477659,Jai indiağŸ‰ğŸ‰ğŸ‰ğŸ‰ğŸ‰ğŸ‰ğŸ‰ğŸ‰ğŸ‰ğŸ‰ğŸ‰ğŸ‰ğŸ‰ğŸ‰ğŸ‰ğŸ‰ğŸ‰ğŸ‰ğŸ‰ğŸ‰ğŸ‰ğŸ‰ğŸ‰ğŸ‰ğŸ‰ğŸ‰ğŸ‰ğŸ‰ğŸ‰ğŸ‰ğŸ‰ğŸ‰ğŸ‰ğŸ‰ğŸ‰ğŸ‰ğŸ‰ğŸ‰ğŸ‰ğŸ‰ğŸ‰ğŸ‰ğŸ‰ğŸ‰ğŸ‰ğŸ‰ğŸ‰ğŸ‰ğŸ‰ğŸ‰ğŸ‰ğŸ‰ğŸ‰ğŸ‰ğŸ‰ğŸ‰ğŸ‰
6/25/2024,21:46:03,+91456833172,Congratulations brothers..â¤ï¸ğŸ‡®ğŸ‡³ğŸ¥³
4/24/2024,09:23:54,+91293257629,Bhai chudap hai Real News ane do
6/5/2024,05:20:08,+91480944104,Wo khud bola hai vai
4/16/2024,20:59:20,+91497197924,Arey voh khud bola ki last T20 game for India and last World Cup
6/29/2024,15:35:33,+91158418838,Bhai real news hai re
4/28/2024,23:19:45,+91514797660,Two champions of the game ğŸ”¥ğŸ™‡â€â™‚ï¸
5/24/2024,23:06:04,+91752969219,Impact player
5/19/2024,09:46:21,+91294740438,Moment hai bhai moment hai
4/26/2024,12:50:03,+91864576001,Dono ne retirement leliya
6/30/2024,22:17:31,+91721837989,Rohit also?
6/13/2024,09:02:29,+91918914490,Yesss bhai
3/7/2024,22:21:40,+91149553630,Wtfffffff
5/19/2024,17:51:05,+91116494366,Bus abhi test aur odi mei dikh sakte donoğŸ˜­
6/25/2024,00:18:39,+91129861515,Why bhai
6/24/2024,18:44:23,+91515840467,No more T20 world cups for me
3/17/2024,20:18:55,+91372192943,Real bhai
3/10/2024,01:27:45,+91518371257,Young ladss gonna take up